Date,Video,Path,Hitter,Hitter Team,Pitcher,Pitcher Team,Inning,Ballpark,Type/Luck,True Distance,Speed Off Bat,Elevation Angle,Horizontal Angle,Apex,# Parks
09/27/14,Video,View,"Chirinos, Robinson",TEX,"Samardzija, Jeff",OAK,7,Globe Life P...,PL,431,107.2,23.6,95.4,80,29
09/27/14,Video,View,"Donaldson, Josh",OAK,"Baker, Scott",TEX,1,Globe Life P...,PL,408,106.8,27.5,112.1,86,30
09/27/14,Video,View,"Smolinski, Jake",TEX,"Samardzija, Jeff",OAK,4,Globe Life P...,PL,392,101.4,31.8,108.6,106,30
09/26/14,Video,View,"Reddick, Josh",OAK,"Tepesch, Nick",TEX,4,Globe Life P...,JE,376,100.4,25.6,72.5,69,13
09/25/14,Video,View,"Beltre, Adrian",TEX,"Gregerson, Luke",OAK,9,Globe Life P...,JE,363,96.8,29.3,66.8,79,13
09/24/14,Video,View,"Rua, Ryan",TEX,"Veras, Jose",HOU,7,Globe Life P...,PL,388,102.1,34.3,105.3,129,30
09/24/14,Video,View,"Odor, Rougned",TEX,"Veras, Jose",HOU,7,Globe Life P...,PL,377,98.4,31.5,71.4,98,25
09/24/14,Video,View,"Villar, Jonathan",HOU,"Klein, Phil",TEX,8,Globe Life P...,PL,374,105.7,24.7,57.2,61,30
09/23/14,Video,View,"Chirinos, Robinson",TEX,"Oberholtzer, Brett",HOU,4,Globe Life P...,JE,411,100.8,27.3,91.1,91,12
09/14/14,Video,View,"Doumit, Ryan",ATL,"Lewis, Colby",TEX,7,Globe Life P...,PL,370,101.3,28.2,57.8,73,30
09/11/14,Video,View,"Aybar, Erick",LAA,"Martinez, Nick",TEX,2,Globe Life P...,PL,384,98.9,29.4,72.9,88,25
09/11/14,Video,View,"Arencibia, J.P.",TEX,"Salas, Fernando",LAA,7,Globe Life P...,PL,370,102.5,27.1,122.7,69,30
09/11/14,Video,View,"Martin, Leonys",TEX,"Rasmus, Cory",LAA,1,Globe Life P...,JE,357,107.7,21.7,53.2,48,23
09/10/14,Video,View,"Calhoun, Kole",LAA,"Cotts, Neal",TEX,9,Globe Life P...,PL,386,98.2,32.1,69.3,97,22
09/09/14,Video,View,"Beltre, Adrian",TEX,"Santiago, Hector",LAA,4,Globe Life P...,PL,424,103.5,26.5,89.1,93,26
09/09/14,Video,View,"Calhoun, Kole",LAA,"Lewis, Colby",TEX,1,Globe Life P...,JE,381,99.0,27.5,74.8,79,18
09/06/14,Video,View,"Seager, Kyle",SEA,"Martinez, Nick",TEX,6,Globe Life P...,PL,386,99.5,29.3,71.1,87,25
09/05/14,Video,View,"Morales, Kendrys",SEA,"Tolleson, Shawn",TEX,6,Globe Life P...,ND,417,109.1,29.2,60.5,93,30
09/05/14,Video,View,"Zunino, Mike",SEA,"Baker, Scott",TEX,5,Globe Life P...,PL,415,102.3,28.8,81.1,99,27
09/05/14,Video,View,"Morales, Kendrys",SEA,"Baker, Scott",TEX,2,Globe Life P...,PL,394,104.1,26.4,67.9,75,30
09/05/14,Video,View,"Miller, Brad",SEA,"Baker, Scott",TEX,5,Globe Life P...,JE,394,106.8,22.1,75.3,60,24
09/05/14,Video,View,"Rosales, Adam",TEX,"Maurer, Brandon",SEA,6,Globe Life P...,JE/L,386,98.3,31.2,105.7,97,24
09/04/14,Video,View,"Denorfia, Chris",SEA,"Bonilla, Lisalverto",TEX,7,Globe Life P...,PL,386,102.1,32.2,113.1,106,30
09/04/14,Video,View,"Odor, Rougned",TEX,"Farquhar, Danny",SEA,9,Globe Life P...,JE,368,97.7,29.0,69.0,80,21
08/24/14,Video,View,"Butler, Billy",KC,"Baker, Scott",TEX,4,Globe Life P...,PL,377,100.5,30.7,119.2,87,30
08/23/14,Video,View,"Choo, Shin-Soo",TEX,"Guthrie, Jeremy",KC,1,Globe Life P...,JE,414,105.9,22.8,97.5,70,24
08/23/14,Video,View,"Gordon, Alex",KC,"Tepesch, Nick",TEX,1,Globe Life P...,PL,372,101.9,38.1,59.5,130,30
08/22/14,Video,View,"Butler, Billy",KC,"Lewis, Colby",TEX,2,Globe Life P...,ND,436,107.8,27.8,101.9,102,30
08/22/14,Video,View,"Willingham, Josh",KC,"Lewis, Colby",TEX,4,Globe Life P...,PL,422,104.6,25.3,96.5,84,29
08/16/14,Video,View,"Choo, Shin-Soo",TEX,"Shoemaker, Matt",LAA,4,Globe Life P...,PL,436,106.6,26.0,95.9,94,30
08/16/14,Video,View,"Kendrick, Howard",LAA,"Lewis, Colby",TEX,2,Globe Life P...,JE,408,105.0,22.9,97.3,70,20
08/16/14,Video,View,"Pujols, Albert",LAA,"Lewis, Colby",TEX,1,Globe Life P...,JE,378,108.1,23.6,124.0,58,30
08/15/14,Video,View,"Calhoun, Kole",LAA,"Martinez, Nick",TEX,5,Globe Life P...,ND,428,110.5,25.1,70.9,79,30
08/14/14,Video,View,"Odor, Rougned",TEX,"Beliveau, Jeff",TB,8,Globe Life P...,JE,403,101.7,26.5,101.1,82,26
08/14/14,Video,View,"Forsythe, Logan",TB,"Ross, Robbie",TEX,2,Globe Life P...,PL,398,99.8,32.1,104.9,106,27
08/14/14,Video,View,"Longoria, Evan",TB,"Ross, Robbie",TEX,5,Globe Life P...,PL,378,103.0,27.5,121.3,73,30
08/14/14,Video,View,"Soto, Geovany",TEX,"Odorizzi, Jake",TB,4,Globe Life P...,PL,375,100.2,39.6,118.2,134,18
08/13/14,Video,View,"Joyce, Matt",TB,"Mikolas, Miles",TEX,1,Globe Life P...,ND,424,105.1,31.5,76.4,117,30
08/13/14,Video,View,"Guyer, Brandon",TB,"Mikolas, Miles",TEX,2,Globe Life P...,ND,408,106.1,31.5,116.6,105,30
08/13/14,Video,View,"Rodriguez, Sean",TB,"Mikolas, Miles",TEX,2,Globe Life P...,PL,405,105.5,34.1,112.4,126,30
07/30/14,Video,View,"Gardner, Brett",NYY,"Lewis, Colby",TEX,1,Globe Life P...,ND,416,109.1,28.6,60.5,89,30
07/30/14,Video,View,"Ellsbury, Jacoby",NYY,"Lewis, Colby",TEX,3,Globe Life P...,JE,413,105.4,23.3,81.9,72,26
07/29/14,Video,View,"Gardner, Brett",NYY,"Martinez, Nick",TEX,1,Globe Life P...,JE,420,107.5,22.1,83.1,69,24
07/29/14,Video,View,"Arencibia, J.P.",TEX,"Betances, Dellin",NYY,7,Globe Life P...,PL,409,105.4,26.4,108.3,81,30
07/29/14,Video,View,"Teixeira, Mark",NYY,"Cotts, Neal",TEX,8,Globe Life P...,PL,406,102.4,30.2,105.1,102,30
07/29/14,Video,View,"Arencibia, J.P.",TEX,"McCarthy, Brandon",NYY,5,Globe Life P...,JE/L,367,95.7,33.0,71.2,100,13
07/28/14,Video,View,"Gardner, Brett",NYY,"Darvish, Yu",TEX,5,Globe Life P...,JE,414,102.0,25.9,86.6,84,14
07/28/14,Video,View,"Gardner, Brett",NYY,"Darvish, Yu",TEX,3,Globe Life P...,PL,395,98.6,33.1,77.9,111,16
07/27/14,Video,View,"Beltre, Adrian",TEX,"Scribner, Evan",OAK,8,Globe Life P...,ND,415,106.0,27.8,108.7,89,30
07/27/14,Video,View,"Rosales, Adam",TEX,"Kazmir, Scott",OAK,2,Globe Life P...,PL,389,100.3,30.1,109.0,92,30
07/26/14,Video,View,"Donaldson, Josh",OAK,"Adcock, Nate",TEX,7,Globe Life P...,PL,415,102.6,30.2,82.4,111,28
07/26/14,Video,View,"Jaso, John",OAK,"Tepesch, Nick",TEX,6,Globe Life P...,PL,398,103.1,25.7,74.7,75,27
07/26/14,Video,View,"Reddick, Josh",OAK,"Adcock, Nate",TEX,7,Globe Life P...,PL,385,103.5,34.0,66.8,121,30
07/26/14,Video,View,"Cespedes, Yoenis",OAK,"Tepesch, Nick",TEX,6,Globe Life P...,JE,383,101.0,26.2,71.7,72,22
07/11/14,Video,View,"Trout, Mike",LAA,"Tepesch, Nick",TEX,4,Globe Life P...,PL,443,111.6,21.5,95.9,72,30
07/10/14,Video,View,"Trout, Mike",LAA,"Lewis, Colby",TEX,3,Globe Life P...,JE,418,104.1,23.7,88.5,76,22
07/10/14,Video,View,"Beltre, Adrian",TEX,"Santiago, Hector",LAA,6,Globe Life P...,JE,342,95.9,28.7,56.1,67,9
07/09/14,Video,View,"Springer, George",HOU,"Frasor, Jason",TEX,7,Globe Life P...,JE,385,98.7,31.9,76.0,106,24
07/09/14,Video,View,"Grossman, Robbie",HOU,"Darvish, Yu",TEX,5,Globe Life P...,JE,357,103.0,24.6,54.5,57,25
07/08/14,Video,View,"Springer, George",HOU,"Irwin, Phil",TEX,3,Globe Life P...,PL,442,106.6,26.9,91.5,102,29
07/08/14,Video,View,"Carter, Chris",HOU,"Feliz, Neftali",TEX,6,Globe Life P...,ND,416,107.3,30.9,115.6,105,30
07/08/14,Video,View,"Carter, Chris",HOU,"Poreda, Aaron",TEX,8,Globe Life P...,JE,412,101.6,32.0,89.4,121,21
07/08/14,Video,View,"Martin, Leonys",TEX,"Peacock, Brad",HOU,2,Globe Life P...,PL,374,99.6,33.4,68.8,110,29
07/07/14,Video,View,"Singleton, Jon",HOU,"Mikolas, Miles",TEX,4,Globe Life P...,PL,436,107.3,26.7,80.8,98,30
07/07/14,Video,View,"Beltre, Adrian",TEX,"Cosart, Jarred",HOU,5,Globe Life P...,JE,411,102.4,24.6,92.5,78,13
07/07/14,Video,View,"Presley, Alex",HOU,"Baker, Scott",TEX,6,Globe Life P...,PL,392,106.0,23.7,70.9,64,28
06/29/14,Video,View,"Chirinos, Robinson",TEX,"Gibson, Kyle",MIN,5,Globe Life P...,JE,412,107.5,23.4,103.8,69,30
06/27/14,Video,View,"Beltre, Adrian",TEX,"Correia, Kevin",MIN,1,Globe Life P...,JE,393,108.5,20.5,77.7,55,13
06/25/14,Video,View,"Martinez, Victor",DET,"Saunders, Joe",TEX,5,Globe Life P...,PL,421,103.8,26.1,85.2,90,23
06/25/14,Video,View,"Martinez, J.D.",DET,"Tolleson, Shawn",TEX,5,Globe Life P...,PL,403,104.2,24.4,78.1,73,25
06/25/14,Video,View,"Pena, Carlos",TEX,"Sanchez, Anibal",DET,6,Globe Life P...,PL,346,101.6,38.8,64.0,142,29
06/24/14,Video,View,"Martinez, J.D.",DET,"Lewis, Colby",TEX,7,Globe Life P...,PL,418,102.8,26.0,89.6,88,23
06/24/14,Video,View,"Kinsler, Ian",DET,"Lewis, Colby",TEX,1,Globe Life P...,PL,395,102.8,30.2,115.3,92,30
06/09/14,Video,View,"Kottaras, George",CLE,"Martinez, Nick",TEX,2,Globe Life P...,ND,426,105.9,29.2,74.7,103,30
06/09/14,Video,View,"Chirinos, Robinson",TEX,"Carrasco, Carlos",CLE,8,Globe Life P...,ND,424,107.7,26.2,106.8,85,30
06/09/14,Video,View,"Chisenhall, Lonnie",CLE,"Baker, Scott",TEX,4,Globe Life P...,PL,411,101.1,33.3,81.0,122,14
06/09/14,Video,View,"Brantley, Michael",CLE,"Baker, Scott",TEX,4,Globe Life P...,JE,405,107.7,21.5,79.6,62,24
06/09/14,Video,View,"Chisenhall, Lonnie",CLE,"Baker, Scott",TEX,8,Globe Life P...,ND,385,105.8,27.0,55.9,72,30
06/09/14,Video,View,"Choice, Michael",TEX,"House, T.J.",CLE,4,Globe Life P...,JE/L,357,100.5,40.2,114.9,144,5
06/09/14,Video,View,"Chisenhall, Lonnie",CLE,"Martinez, Nick",TEX,2,Globe Life P...,JE,354,99.6,27.0,56.5,65,25
06/07/14,Video,View,"Gomes, Yan",CLE,"Tepesch, Nick",TEX,6,Globe Life P...,JE,420,106.4,21.7,89.4,68,22
06/07/14,Video,View,"Santana, Carlos",CLE,"Scheppers, Tanner",TEX,7,Globe Life P...,PL,402,104.8,23.9,77.4,70,25
06/06/14,Video,View,"Odor, Rougned",TEX,"Bauer, Trevor",CLE,2,Globe Life P...,ND,409,107.3,27.7,65.9,86,30
06/06/14,Video,View,"Choice, Michael",TEX,"Rzepczynski, Marc",CLE,7,Globe Life P...,JE,384,102.9,23.9,74.6,65,17
06/06/14,Video,View,"Cabrera, Asdrubal",CLE,"Darvish, Yu",TEX,4,Globe Life P...,PL,371,102.0,27.6,57.0,71,30
06/06/14,Video,View,"Chisenhall, Lonnie",CLE,"Darvish, Yu",TEX,3,Globe Life P...,PL,353,97.4,30.0,55.4,74,28
06/05/14,Video,View,"Choice, Michael",TEX,"Tillman, Chris",BAL,2,Globe Life P...,JE,407,107.3,22.1,101.0,64,27
06/05/14,Video,View,"Jones, Adam",BAL,"Scheppers, Tanner",TEX,8,Globe Life P...,PL,384,102.8,27.0,65.1,74,29
06/05/14,Video,View,"Markakis, Nick",BAL,"Lewis, Colby",TEX,3,Globe Life P...,PL,371,99.8,35.0,72.3,124,25
06/04/14,Video,View,"Beltre, Adrian",TEX,"Norris, Bud",BAL,1,Globe Life P...,PL,412,105.4,27.4,72.7,88,30
06/04/14,Video,View,"Beltre, Adrian",TEX,"Norris, Bud",BAL,5,Globe Life P...,JE,393,101.3,25.6,77.9,75,17
06/04/14,Video,View,"Markakis, Nick",BAL,"Martinez, Nick",TEX,3,Globe Life P...,PL,389,100.5,33.2,74.7,117,28
06/04/14,Video,View,"Davis, Chris",BAL,"Martinez, Nick",TEX,5,Globe Life P...,PL,374,102.0,33.6,73.1,127,30
06/03/14,Video,View,"Cruz, Nelson",BAL,"Tolleson, Shawn",TEX,8,Globe Life P...,ND,420,109.1,28.8,116.1,94,30
06/03/14,Video,View,"Beltre, Adrian",TEX,"Jimenez, Ubaldo",BAL,4,Globe Life P...,PL,398,102.6,28.2,106.2,90,30
06/03/14,Video,View,"Chirinos, Robinson",TEX,"Matusz, Brian",BAL,7,Globe Life P...,JE,398,101.6,31.1,101.4,112,30
06/03/14,Video,View,"Jones, Adam",BAL,"Saunders, Joe",TEX,4,Globe Life P...,PL,364,102.1,26.8,53.8,65,29
05/21/14,Video,View,"Choo, Shin-Soo",TEX,"Young, Chris",SEA,5,Globe Life P...,PL,422,104.7,26.9,98.8,93,30
05/21/14,Video,View,"Cano, Robinson",SEA,"Tepesch, Nick",TEX,4,Globe Life P...,JE,413,103.9,23.2,87.5,73,15
05/21/14,Video,View,"Andrus, Elvis",TEX,"Young, Chris",SEA,1,Globe Life P...,JE,365,97.7,32.0,115.6,92,28
05/20/14,Video,View,"Beltre, Adrian",TEX,"Iwakuma, Hisashi",SEA,2,Globe Life P...,PL,399,110.7,23.2,117.1,62,30
05/18/14,Video,View,"Francisco, Juan",TOR,"Martinez, Nick",TEX,4,Globe Life P...,ND,418,107.4,26.8,73.4,90,30
05/18/14,Video,View,"Encarnacion, Edwin",TOR,"Poreda, Aaron",TEX,6,Globe Life P...,PL,418,103.5,28.3,96.1,104,30
05/18/14,Video,View,"Moreland, Mitch",TEX,"Dickey, R.A.",TOR,7,Globe Life P...,JE,374,110.0,20.6,66.4,49,16
05/17/14,Video,View,"Bautista, Jose",TOR,"Ross, Robbie",TEX,1,Globe Life P...,PL,388,102.8,33.6,113.6,115,30
05/11/14,Video,View,"Choo, Shin-Soo",TEX,"Lackey, John",BOS,4,Globe Life P...,PL,421,107.2,24.1,101.1,77,30
05/11/14,Video,View,"Pedroia, Dustin",BOS,"Ross, Robbie",TEX,7,Globe Life P...,JE,403,104.6,23.9,101.7,71,28
05/10/14,Video,View,"Ortiz, David",BOS,"Perez, Martin",TEX,3,Globe Life P...,PL,378,98.7,35.8,68.6,119,21
05/09/14,Video,View,"Martin, Leonys",TEX,"Capuano, Chris",BOS,5,Globe Life P...,PL,367,101.2,27.4,59.0,70,27
05/08/14,Video,View,"Fielder, Prince",TEX,"Morales, Franklin",COL,6,Globe Life P...,ND,427,109.8,26.4,69.3,85,30
05/07/14,Video,View,"Beltre, Adrian",TEX,"De La Rosa, Jorge",COL,4,Globe Life P...,PL,419,103.6,25.0,90.4,84,23
05/07/14,Video,View,"Gonzalez, Carlos",COL,"Lewis, Colby",TEX,4,Globe Life P...,PL,410,104.8,30.5,78.0,120,29
04/30/14,Video,View,"Crisp, Coco",OAK,"Tolleson, Shawn",TEX,6,Globe Life P...,PL,394,99.3,30.1,78.1,98,23
04/20/14,Video,View,"Abreu, Jose",CHW,"Ross, Robbie",TEX,5,Globe Life P...,PL,412,103.1,28.6,76.4,95,29
04/20/14,Video,View,"Danks, Jordan",CHW,"Ross, Robbie",TEX,3,Globe Life P...,PL,408,106.5,26.3,70.5,81,30
04/20/14,Video,View,"Viciedo, Dayan",CHW,"Tolleson, Shawn",TEX,7,Globe Life P...,PL,365,99.1,32.4,63.3,98,30
04/19/14,Video,View,"Kouzmanoff, Kevin",TEX,"Petricka, Jake",CHW,8,Globe Life P...,PL,396,101.7,28.7,106.8,90,30
04/19/14,Video,View,"Fielder, Prince",TEX,"Quintana, Jose",CHW,4,Globe Life P...,PL,393,101.6,30.1,71.1,97,30
04/18/14,Video,View,"Chirinos, Robinson",TEX,"Paulino, Felipe",CHW,3,Globe Life P...,JE,384,104.5,24.6,111.7,66,29
04/18/14,Video,View,"Martin, Leonys",TEX,"Paulino, Felipe",CHW,4,Globe Life P...,JE,375,107.1,22.7,63.6,56,25
04/17/14,Video,View,"Choo, Shin-Soo",TEX,"Ramirez, Erasmo",SEA,2,Globe Life P...,PL,412,108.5,22.9,76.3,69,29
04/17/14,Video,View,"Cano, Robinson",SEA,"Scheppers, Tanner",TEX,3,Globe Life P...,JE,388,106.7,22.5,72.1,60,23
04/17/14,Video,View,"Hart, Corey",SEA,"Scheppers, Tanner",TEX,3,Globe Life P...,PL,377,100.7,33.7,114.2,110,30
04/15/14,Video,View,"Fielder, Prince",TEX,"Beavan, Blake",SEA,2,Globe Life P...,PL,446,110.1,22.6,85.6,80,29
04/15/14,Video,View,"Kouzmanoff, Kevin",TEX,"Beavan, Blake",SEA,2,Globe Life P...,ND,430,107.4,26.9,104.2,93,30
04/14/14,Video,View,"Zunino, Mike",SEA,"Lewis, Colby",TEX,5,Globe Life P...,PL,431,106.8,23.5,93.1,81,27
04/12/14,Video,View,"Choice, Michael",TEX,"Chapman, Kevin",HOU,9,Globe Life P...,JE,417,104.2,24.6,82.3,78,20
04/12/14,Video,View,"Grossman, Robbie",HOU,"Scheppers, Tanner",TEX,4,Globe Life P...,PL,381,100.3,29.9,71.1,94,29
04/02/14,Video,View,"Howard, Ryan",PHI,"Ross, Robbie",TEX,3,Globe Life P...,JE,419,103.6,26.1,84.4,90,24
03/31/14,Video,View,"Rios, Alex",TEX,"Lee, Cliff",PHI,3,Globe Life P...,JE,414,104.5,23.6,95.4,75,23
03/31/14,Video,View,"Rollins, Jimmy",PHI,"Scheppers, Tanner",TEX,2,Globe Life P...,PL,387,100.9,28.7,72.7,89,29
03/31/14,Video,View,"Byrd, Marlon",PHI,"Figueroa, Pedro",TEX,6,Globe Life P...,PL,386,104.5,25.8,115.6,70,30
03/31/14,Video,View,"Asche, Cody",PHI,"Tolleson, Shawn",TEX,8,Globe Life P...,PL,377,104.4,26.0,58.0,67,30
10/04/15,Video,View,"Pujols, Albert",LAA,"Hamels, Cole",TEX,1,Globe Life P...,PL,429,106.5,23.6,95.1,79,27
10/04/15,Video,View,"Beltre, Adrian",TEX,"Richards, Garrett",LAA,5,Globe Life P...,JE/L,356,95.6,31.3,63.9,84,17
10/03/15,Video,View,"Calhoun, Kole",LAA,"Tolleson, Shawn",TEX,9,Globe Life P...,ND,421,105.2,29.0,71.8,96,30
10/03/15,Video,View,"Hamilton, Josh",TEX,"Latos, Mat",LAA,7,Globe Life P...,PL,410,103.7,26.9,75.6,84,29
10/03/15,Video,View,"Hamilton, Josh",TEX,"Santiago, Hector",LAA,2,Globe Life P...,PL,396,100.3,29.5,78.7,99,25
10/03/15,Video,View,"Aybar, Erick",LAA,"Tolleson, Shawn",TEX,9,Globe Life P...,JE,382,103.8,23.3,73.9,62,16
10/03/15,Video,View,"Odor, Rougned",TEX,"Latos, Mat",LAA,7,Globe Life P...,PL,376,96.8,32.3,68.2,94,17
10/02/15,Video,View,"Choo, Shin-Soo",TEX,"Weaver, Jered",LAA,4,Globe Life P...,JE,411,108.5,21.0,98.4,62,23
10/01/15,Video,View,"Pujols, Albert",LAA,"Holland, Derek",TEX,6,Globe Life P...,JE,373,101.3,27.1,116.2,72,27
09/30/15,Video,View,"Napoli, Mike",TEX,"Boyd, Matt",DET,3,Globe Life P...,ND,428,108.9,28.3,112.7,94,30
09/30/15,Video,View,"Chirinos, Robinson",TEX,"Boyd, Matt",DET,3,Globe Life P...,PL,419,108.6,21.7,98.2,66,29
09/30/15,Video,View,"Beltre, Adrian",TEX,"Boyd, Matt",DET,1,Globe Life P...,ND,412,105.3,32.8,113.0,115,30
09/29/15,Video,View,"Martinez, J.D.",DET,"Hamels, Cole",TEX,1,Globe Life P...,PL,424,108.7,21.7,83.0,68,27
09/29/15,Video,View,"Choo, Shin-Soo",TEX,"Norris, Daniel",DET,1,Globe Life P...,PL,383,101.1,27.3,69.1,76,26
09/29/15,Video,View,"Holaday, Bryan",DET,"Hamels, Cole",TEX,2,Globe Life P...,PL,382,101.9,27.7,114.9,76,30
09/28/15,Video,View,"Collins, Tyler",DET,"Lewis, Colby",TEX,5,Globe Life P...,JE,357,104.1,24.0,54.1,55,25
09/28/15,Video,View,"Fielder, Prince",TEX,"Verlander, Justin",DET,4,Globe Life P...,JE,356,104.2,23.6,54.2,54,24
09/20/15,Video,View,"Moreland, Mitch",TEX,"Hernandez, Felix",SEA,2,Globe Life P...,PL,434,112.0,19.8,94.2,63,28
09/20/15,Video,View,"Cano, Robinson",SEA,"Holland, Derek",TEX,5,Globe Life P...,PL,421,107.3,24.8,75.6,78,30
09/20/15,Video,View,"Gutierrez, Franklin",SEA,"Ohlendorf, Ross",TEX,5,Globe Life P...,JE/L,358,95.0,32.0,66.2,88,14
09/19/15,Video,View,"Gutierrez, Franklin",SEA,"Hamels, Cole",TEX,2,Globe Life P...,JE,415,104.9,22.3,89.6,70,18
09/17/15,Video,View,"Moreland, Mitch",TEX,"McCullers, Lance",HOU,3,Globe Life P...,JE,399,103.3,25.5,104.3,75,30
09/16/15,Video,View,"Napoli, Mike",TEX,"Keuchel, Dallas",HOU,1,Globe Life P...,JE,429,109.3,21.3,85.0,68,24
09/16/15,Video,View,"Fielder, Prince",TEX,"Feliz, Michael",HOU,6,Globe Life P...,ND,424,108.7,27.2,69.5,89,30
09/16/15,Video,View,"Fielder, Prince",TEX,"Keuchel, Dallas",HOU,3,Globe Life P...,ND,414,105.9,31.1,72.5,115,30
09/16/15,Video,View,"Wilson, Bobby",TEX,"Feliz, Michael",HOU,7,Globe Life P...,PL,398,100.3,29.9,78.4,99,25
09/16/15,Video,View,"Odor, Rougned",TEX,"Keuchel, Dallas",HOU,1,Globe Life P...,JE,392,107.8,22.2,71.9,59,26
09/16/15,Video,View,"Gattis, Evan",HOU,"Faulkner, Andrew",TEX,8,Globe Life P...,JE,367,100.6,27.9,121.0,71,30
09/14/15,Video,View,"Fielder, Prince",TEX,"Harris, Will",HOU,8,Globe Life P...,JE,412,101.9,26.5,92.7,90,20
09/14/15,Video,View,"Moreland, Mitch",TEX,"Kazmir, Scott",HOU,6,Globe Life P...,PL,389,100.5,29.9,108.1,93,30
09/14/15,Video,View,"Altuve, Jose",HOU,"Hamels, Cole",TEX,1,Globe Life P...,PL,383,101.2,28.4,112.1,82,30
09/13/15,Video,View,"Choo, Shin-Soo",TEX,"Doubront, Felix",OAK,1,Globe Life P...,PL,441,110.1,21.4,91.7,72,27
09/13/15,Video,View,"Beltre, Adrian",TEX,"Doubront, Felix",OAK,4,Globe Life P...,PL,436,108.1,25.5,99.7,90,30
09/13/15,Video,View,"Blair, Carson",OAK,"Faulkner, Andrew",TEX,7,Globe Life P...,ND,435,113.1,22.3,104.0,70,30
09/13/15,Video,View,"Beltre, Adrian",TEX,"Doubront, Felix",OAK,5,Globe Life P...,PL,422,104.8,25.3,82.7,84,27
09/13/15,Video,View,"Odor, Rougned",TEX,"Alvarez, R.J.",OAK,8,Globe Life P...,JE,421,104.3,25.1,84.7,84,24
09/12/15,Video,View,"Valencia, Danny",OAK,"Gallardo, Yovani",TEX,5,Globe Life P...,PL,411,103.0,30.3,105.7,103,30
09/12/15,Video,View,"Canha, Mark",OAK,"Gallardo, Yovani",TEX,5,Globe Life P...,JE,378,109.5,22.2,120.2,54,30
09/12/15,Video,View,"Napoli, Mike",TEX,"Nolin, Sean",OAK,2,Globe Life P...,JE,377,108.5,23.1,123.3,57,30
08/29/15,Video,View,"Beltre, Adrian",TEX,"Jimenez, Ubaldo",BAL,3,Globe Life P...,PL,424,106.7,24.9,100.3,81,30
08/29/15,Video,View,"Pearce, Steve",BAL,"Perez, Martin",TEX,5,Globe Life P...,PL,382,99.2,30.9,107.7,97,30
08/28/15,Video,View,"Gimenez, Chris",TEX,"Gausman, Kevin",BAL,5,Globe Life P...,PL,423,106.0,22.9,93.5,74,23
08/28/15,Video,View,"Choo, Shin-Soo",TEX,"Gausman, Kevin",BAL,4,Globe Life P...,PL,360,104.2,39.2,64.5,151,30
08/26/15,Video,View,"Beltre, Adrian",TEX,"Price, David",TOR,1,Globe Life P...,JE,416,102.8,25.3,92.6,83,18
08/26/15,Video,View,"Encarnacion, Edwin",TOR,"Patton, Spencer",TEX,6,Globe Life P...,JE,416,109.6,21.2,99.7,63,29
08/26/15,Video,View,"Smoak, Justin",TOR,"Lewis, Colby",TEX,5,Globe Life P...,PL,396,103.6,33.8,67.7,119,30
08/26/15,Video,View,"Pillar, Kevin",TOR,"Lewis, Colby",TEX,6,Globe Life P...,PL,385,102.8,28.6,117.0,81,30
08/25/15,Video,View,"DeShields, Delino",TEX,"Buehrle, Mark",TOR,3,Globe Life P...,PL,412,102.0,28.8,97.3,101,25
08/25/15,Video,View,"Encarnacion, Edwin",TOR,"Holland, Derek",TEX,6,Globe Life P...,ND,408,105.1,30.1,113.3,98,30
08/25/15,Video,View,"Odor, Rougned",TEX,"Buehrle, Mark",TOR,2,Globe Life P...,PL,389,108.1,23.3,65.1,61,30
08/25/15,Video,View,"Bautista, Jose",TOR,"Holland, Derek",TEX,3,Globe Life P...,PL,387,105.9,35.5,115.1,134,30
08/25/15,Video,View,"Colabello, Chris",TOR,"Holland, Derek",TEX,2,Globe Life P...,PL,371,98.5,31.1,65.2,90,28
08/19/15,Video,View,"Napoli, Mike",TEX,"Beimel, Joe",SEA,7,Globe Life P...,ND,463,107.5,29.5,93.3,116,30
08/19/15,Video,View,"Andrus, Elvis",TEX,"Beimel, Joe",SEA,7,Globe Life P...,PL,427,104.3,25.5,95.3,85,26
08/19/15,Video,View,"Trumbo, Mark",SEA,"Holland, Derek",TEX,5,Globe Life P...,PL,401,113.9,22.5,122.6,59,30
08/19/15,Video,View,"Moreland, Mitch",TEX,"Beimel, Joe",SEA,7,Globe Life P...,JE,379,96.9,30.6,73.9,91,7
08/18/15,Video,View,"Odor, Rougned",TEX,"Iwakuma, Hisashi",SEA,2,Globe Life P...,PL,421,102.7,30.0,86.9,111,26
08/18/15,Video,View,"Smith, Seth",SEA,"Gonzalez, Chi Chi",TEX,1,Globe Life P...,JE,398,100.1,28.7,80.0,94,20
08/16/15,Video,View,"Beltre, Adrian",TEX,"Smyly, Drew",TB,3,Globe Life P...,PL,409,104.4,27.1,105.8,86,30
08/16/15,Video,View,"Strausborger, Ryan",TEX,"Smyly, Drew",TB,4,Globe Life P...,PL,379,101.9,29.0,121.9,78,30
08/15/15,Video,View,"Beltre, Adrian",TEX,"Yates, Kirby",TB,6,Globe Life P...,PL,436,111.3,22.6,100.8,73,30
08/15/15,Video,View,"Gimenez, Chris",TEX,"Archer, Chris",TB,2,Globe Life P...,PL,422,102.7,27.6,87.1,96,25
08/15/15,Video,View,"Cabrera, Asdrubal",TB,"Diekman, Jake",TEX,8,Globe Life P...,JE,376,98.4,28.8,70.5,81,20
08/15/15,Video,View,"Choo, Shin-Soo",TEX,"Yates, Kirby",TB,7,Globe Life P...,JE,371,98.2,29.0,67.0,79,22
08/14/15,Video,View,"Hamilton, Josh",TEX,"Karns, Nathan",TB,2,Globe Life P...,PL,450,109.1,25.7,83.5,96,30
08/14/15,Video,View,"DeShields, Delino",TEX,"Geltz, Steven",TB,7,Globe Life P...,PL,389,105.1,35.0,116.4,126,30
08/05/15,Video,View,"Gimenez, Chris",TEX,"Kazmir, Scott",HOU,2,Globe Life P...,PL,418,102.3,30.7,91.6,115,23
08/04/15,Video,View,"Fielder, Prince",TEX,"Straily, Dan",HOU,4,Globe Life P...,PL,407,103.6,30.2,71.9,101,30
08/04/15,Video,View,"Gomez, Carlos",HOU,"Gallardo, Yovani",TEX,6,Globe Life P...,PL,406,102.3,27.6,101.9,88,30
08/03/15,Video,View,"Beltre, Adrian",TEX,"Fiers, Mike",HOU,5,Globe Life P...,ND,419,111.8,24.5,115.3,71,30
08/03/15,Video,View,"Valbuena, Luis",HOU,"Lewis, Colby",TEX,2,Globe Life P...,ND,406,105.3,32.0,66.1,110,30
08/03/15,Video,View,"Choo, Shin-Soo",TEX,"McCullers, Lance",HOU,1,Globe Life P...,PL,400,102.1,29.3,73.5,94,30
08/03/15,Video,View,"Castro, Jason",HOU,"Lewis, Colby",TEX,4,Globe Life P...,ND,395,107.7,36.8,64.1,144,30
08/03/15,Video,View,"Correa, Carlos",HOU,"Lewis, Colby",TEX,1,Globe Life P...,JE,353,98.5,28.2,125.7,67,26
08/02/15,Video,View,"Hamilton, Josh",TEX,"Leake, Mike",SF,6,Globe Life P...,ND,402,107.4,29.0,58.0,87,30
08/01/15,Video,View,"Pence, Hunter",SF,"Dyson, Sam",TEX,11,Globe Life P...,ND,432,111.4,23.4,104.6,74,30
08/01/15,Video,View,"Belt, Brandon",SF,"Hamels, Cole",TEX,3,Globe Life P...,JE,417,105.0,22.9,93.6,72,19
08/01/15,Video,View,"Belt, Brandon",SF,"Freeman, Sam",TEX,11,Globe Life P...,JE,406,102.7,26.3,101.5,82,28
08/01/15,Video,View,"Posey, Buster",SF,"Hamels, Cole",TEX,7,Globe Life P...,JE,377,99.6,29.7,114.5,84,28
07/31/15,Video,View,"Andrus, Elvis",TEX,"Bumgarner, Madison",SF,2,Globe Life P...,PL,416,105.9,27.4,107.1,89,30
07/31/15,Video,View,"Crawford, Brandon",SF,"Tolleson, Shawn",TEX,9,Globe Life P...,PL,412,107.0,25.1,72.7,76,30
07/31/15,Video,View,"Beltre, Adrian",TEX,"Bumgarner, Madison",SF,1,Globe Life P...,JE,390,105.0,23.8,107.9,65,26
07/30/15,Video,View,"Teixeira, Mark",NYY,"Kela, Keone",TEX,7,Globe Life P...,PL,428,105.7,23.5,89.5,78,26
07/30/15,Video,View,"Teixeira, Mark",NYY,"Gallardo, Yovani",TEX,1,Globe Life P...,JE,414,101.7,27.5,93.7,93,18
07/30/15,Video,View,"McCann, Brian",NYY,"Gallardo, Yovani",TEX,3,Globe Life P...,PL,413,108.9,24.2,70.7,70,30
07/30/15,Video,View,"Choo, Shin-Soo",TEX,"Sabathia, CC",NYY,2,Globe Life P...,ND,400,104.0,30.9,64.2,97,30
07/30/15,Video,View,"Hamilton, Josh",TEX,"Sabathia, CC",NYY,1,Globe Life P...,JE,358,95.9,33.9,62.1,96,22
07/30/15,Video,View,"Rua, Ryan",TEX,"Sabathia, CC",NYY,4,Globe Life P...,ITP/L,276,102.5,13.8,85.1,23,0
07/29/15,Video,View,"Beltran, Carlos",NYY,"Lewis, Colby",TEX,2,Globe Life P...,JE,394,103.4,23.8,77.4,67,20
07/28/15,Video,View,"Gardner, Brett",NYY,"Rosales, Adam",TEX,9,Globe Life P...,PL,409,104.3,32.2,75.4,121,30
07/28/15,Video,View,"Young, Chris",NYY,"Rodriguez, Wandy",TEX,3,Globe Life P...,PL,378,99.3,34.8,108.4,118,26
07/27/15,Video,View,"Gregorius, Didi",NYY,"Harrison, Matt",TEX,3,Globe Life P...,PL,376,99.6,28.7,68.2,81,26
07/27/15,Video,View,"Rodriguez, Alex",NYY,"Harrison, Matt",TEX,6,Globe Life P...,JE,372,102.4,24.1,69.3,61,12
07/11/15,Video,View,"Moreland, Mitch",TEX,"Shields, James",SD,2,Globe Life P...,JE,409,101.2,30.8,86.5,114,19
07/11/15,Video,View,"Moreland, Mitch",TEX,"Shields, James",SD,6,Globe Life P...,PL,405,101.6,30.9,80.2,111,27
07/11/15,Video,View,"Kemp, Matt",SD,"Lewis, Colby",TEX,3,Globe Life P...,PL,395,100.7,30.7,102.6,105,30
07/11/15,Video,View,"Solarte, Yangervis",SD,"Tolleson, Shawn",TEX,9,Globe Life P...,JE,358,97.9,33.8,65.2,105,28
07/10/15,Video,View,"Fielder, Prince",TEX,"Kennedy, Ian",SD,4,Globe Life P...,ND,438,111.4,25.3,72.7,84,30
07/10/15,Video,View,"Upton Jr., Melvin",SD,"Rodriguez, Wandy",TEX,6,Globe Life P...,PL,387,101.8,34.6,109.7,123,30
07/10/15,Video,View,"Beltre, Adrian",TEX,"Kennedy, Ian",SD,4,Globe Life P...,PL,379,107.2,24.3,124.0,60,30
07/08/15,Video,View,"Pollock, A.J.",ARI,"Harrison, Matt",TEX,2,Globe Life P...,PL,413,105.7,26.1,106.6,81,30
07/08/15,Video,View,"Castillo, Welington",ARI,"Bass, Anthony",TEX,5,Globe Life P...,PL,379,97.5,32.5,72.1,102,18
07/05/15,Video,View,"Calhoun, Kole",LAA,"Ranaudo, Anthony",TEX,5,Globe Life P...,JE,418,103.1,25.5,87.0,86,22
07/05/15,Video,View,"Pujols, Albert",LAA,"Lewis, Colby",TEX,4,Globe Life P...,ND,416,111.3,23.7,112.3,69,30
07/05/15,Video,View,"Odor, Rougned",TEX,"Gott, Trevor",LAA,7,Globe Life P...,PL,416,104.9,24.4,82.0,78,27
07/05/15,Video,View,"Fielder, Prince",TEX,"Wilson, C.J.",LAA,1,Globe Life P...,PL,386,103.0,28.5,63.9,82,30
07/04/15,Video,View,"Cron, C.J.",LAA,"Patton, Spencer",TEX,6,Globe Life P...,JE,396,105.4,24.1,106.9,68,30
07/04/15,Video,View,"Calhoun, Kole",LAA,"Rodriguez, Wandy",TEX,4,Globe Life P...,JE,381,99.3,28.1,73.4,82,22
07/03/15,Video,View,"Rua, Ryan",TEX,"Morin, Mike",LAA,9,Globe Life P...,JE,372,97.2,32.0,71.0,97,22
06/25/15,Video,View,"Moreland, Mitch",TEX,"Gray, Sonny",OAK,4,Globe Life P...,PL,412,102.3,26.8,97.9,87,22
06/24/15,Video,View,"Lawrie, Brett",OAK,"Rodriguez, Wandy",TEX,1,Globe Life P...,PL,424,104.1,28.3,96.2,104,29
06/24/15,Video,View,"Phegley, Josh",OAK,"Rodriguez, Wandy",TEX,2,Globe Life P...,PL,422,104.1,25.5,86.8,88,25
06/23/15,Video,View,"Phegley, Josh",OAK,"Gonzalez, Chi Chi",TEX,5,Globe Life P...,JE,409,101.6,27.2,97.2,89,22
06/23/15,Video,View,"Zobrist, Ben",OAK,"Kela, Keone",TEX,7,Globe Life P...,PL,409,103.1,25.6,80.7,81,26
06/23/15,Video,View,"Odor, Rougned",TEX,"Chavez, Jesse",OAK,5,Globe Life P...,PL,377,103.1,25.0,66.4,65,24
06/16/15,Video,View,"Chirinos, Robinson",TEX,"Ravin, Josh",LAD,9,Globe Life P...,PL,413,104.9,24.2,98.7,76,28
06/16/15,Video,View,"Turner, Justin",LAD,"Gonzalez, Chi Chi",TEX,9,Globe Life P...,PL,406,106.2,26.9,112.0,82,30
06/15/15,Video,View,"Grandal, Yasmani",LAD,"Scheppers, Tanner",TEX,8,Globe Life P...,PL,432,107.5,23.4,84.5,79,26
06/14/15,Video,View,"Martin, Leonys",TEX,"Hughes, Phil",MIN,2,Globe Life P...,PL,424,104.2,28.3,83.3,106,26
06/14/15,Video,View,"Gallo, Joey",TEX,"Hughes, Phil",MIN,2,Globe Life P...,PL,423,104.4,26.0,83.6,90,25
06/14/15,Video,View,"Dozier, Brian",MIN,"Martinez, Nick",TEX,1,Globe Life P...,PL,419,103.6,27.3,96.0,97,30
06/13/15,Video,View,"Gallo, Joey",TEX,"Graham, J.R.",MIN,4,Globe Life P...,ND,471,113.7,26.2,78.9,103,30
06/13/15,Video,View,"Moreland, Mitch",TEX,"Pelfrey, Mike",MIN,4,Globe Life P...,ND,426,113.0,26.3,58.8,79,30
06/12/15,Video,View,"Dozier, Brian",MIN,"Scheppers, Tanner",TEX,8,Globe Life P...,PL,393,103.6,26.4,110.7,75,30
06/12/15,Video,View,"Andrus, Elvis",TEX,"Milone, Tommy",MIN,7,Globe Life P...,PL,376,100.1,33.4,119.2,101,30
06/03/15,Video,View,"Gallo, Joey",TEX,"Duke, Zach",CHW,9,Globe Life P...,ND,439,114.2,23.3,71.8,74,30
06/03/15,Video,View,"Abreu, Jose",CHW,"Martinez, Nick",TEX,2,Globe Life P...,PL,426,104.0,28.6,92.3,108,25
06/03/15,Video,View,"Flowers, Tyler",CHW,"Scheppers, Tanner",TEX,7,Globe Life P...,PL,413,106.9,23.6,102.5,71,30
06/02/15,Video,View,"Choo, Shin-Soo",TEX,"Samardzija, Jeff",CHW,4,Globe Life P...,ND,437,107.8,26.4,80.2,95,30
06/02/15,Video,View,"Gallo, Joey",TEX,"Samardzija, Jeff",CHW,3,Globe Life P...,ND,430,108.7,28.1,72.7,100,30
06/02/15,Video,View,"Eaton, Adam",CHW,"Lewis, Colby",TEX,3,Globe Life P...,ND,420,111.0,26.9,62.1,83,30
06/02/15,Video,View,"Corporan, Carlos",TEX,"Noesi, Hector",CHW,8,Globe Life P...,PL,378,101.0,27.3,67.3,75,26
05/29/15,Video,View,"Hamilton, Josh",TEX,"Wright, Steven",BOS,2,Globe Life P...,PL,388,107.6,24.7,59.9,65,30
05/29/15,Video,View,"Ramirez, Hanley",BOS,"Ohlendorf, Ross",TEX,8,Globe Life P...,JE,372,96.9,30.0,72.3,87,15
05/29/15,Video,View,"Hamilton, Josh",TEX,"Wright, Steven",BOS,4,Globe Life P...,PL,370,100.8,27.3,62.5,71,25
05/28/15,Video,View,"Ramirez, Hanley",BOS,"Martinez, Nick",TEX,6,Globe Life P...,PL,422,108.2,22.8,99.5,72,30
05/17/15,Video,View,"Moreland, Mitch",TEX,"Carrasco, Carlos",CLE,6,Globe Life P...,JE/L,412,100.2,31.8,94.1,113,14
05/16/15,Video,View,"Kipnis, Jason",CLE,"Feliz, Neftali",TEX,9,Globe Life P...,ND,425,108.0,27.8,74.0,100,30
05/16/15,Video,View,"Choo, Shin-Soo",TEX,"Salazar, Danny",CLE,3,Globe Life P...,ND,418,108.1,28.0,69.6,95,30
05/16/15,Video,View,"Field, Tommy",TEX,"Salazar, Danny",CLE,2,Globe Life P...,PL,415,106.5,25.4,104.3,80,30
05/16/15,Video,View,"Chirinos, Robinson",TEX,"Atchison, Scott",CLE,8,Globe Life P...,PL,411,105.5,28.8,108.1,97,30
05/15/15,Video,View,"Beltre, Adrian",TEX,"Chen, Bruce",CLE,1,Globe Life P...,PL,428,108.9,20.8,92.2,67,25
05/15/15,Video,View,"Fielder, Prince",TEX,"Chen, Bruce",CLE,1,Globe Life P...,PL,427,106.4,26.1,80.3,91,30
05/15/15,Video,View,"Hayes, Brett",CLE,"Fujikawa, Kyuji",TEX,6,Globe Life P...,PL,399,102.6,31.3,109.1,105,30
05/14/15,Video,View,"Hosmer, Eric",KC,"Freeman, Sam",TEX,6,Globe Life P...,PL,427,107.5,22.7,95.5,74,26
05/13/15,Video,View,"Fielder, Prince",TEX,"Ventura, Yordano",KC,2,Globe Life P...,PL,449,108.2,28.1,82.8,112,30
05/13/15,Video,View,"Choo, Shin-Soo",TEX,"Ventura, Yordano",KC,1,Globe Life P...,PL,384,101.9,28.2,67.0,81,30
05/12/15,Video,View,"Moustakas, Mike",KC,"Claudio, Alex",TEX,7,Globe Life P...,ND,441,109.2,25.0,81.3,90,30
05/12/15,Video,View,"Hosmer, Eric",KC,"Martinez, Nick",TEX,2,Globe Life P...,ND,429,107.1,30.0,78.7,118,30
05/12/15,Video,View,"Choo, Shin-Soo",TEX,"Volquez, Edinson",KC,1,Globe Life P...,ND,383,110.0,23.5,53.1,58,30
05/12/15,Video,View,"Gordon, Alex",KC,"Pimentel, Stolmy",TEX,10,Globe Life P...,PL,354,96.8,31.2,59.1,82,28
05/11/15,Video,View,"Field, Tommy",TEX,"Pino, Yohan",KC,7,Globe Life P...,PL,428,108.5,22.0,95.6,72,26
05/11/15,Video,View,"Fielder, Prince",TEX,"Morales, Franklin",KC,8,Globe Life P...,PL,425,105.0,24.5,87.1,83,26
05/11/15,Video,View,"Beltre, Adrian",TEX,"Duffy, Danny",KC,4,Globe Life P...,JE,382,100.7,25.5,75.1,72,16
05/03/15,Video,View,"Reddick, Josh",OAK,"Mendez, Roman",TEX,9,Globe Life P...,PL,440,107.3,25.6,84.4,93,29
05/03/15,Video,View,"Vogt, Stephen",OAK,"Gallardo, Yovani",TEX,6,Globe Life P...,JE,384,101.1,26.1,73.1,74,23
05/03/15,Video,View,"Vogt, Stephen",OAK,"Claudio, Alex",TEX,7,Globe Life P...,JE,376,106.2,22.8,66.7,57,21
05/02/15,Video,View,"Blanks, Kyle",TEX,"Pomeranz, Drew",OAK,6,Globe Life P...,PL,393,104.8,34.1,114.5,122,30
05/02/15,Video,View,"Reddick, Josh",OAK,"Bass, Anthony",TEX,7,Globe Life P...,PL,376,99.2,32.7,66.5,101,29
05/02/15,Video,View,"Choo, Shin-Soo",TEX,"Abad, Fernando",OAK,7,Globe Life P...,JE,372,98.9,34.0,74.5,119,24
05/01/15,Video,View,"Fielder, Prince",TEX,"Kazmir, Scott",OAK,4,Globe Life P...,PL,440,108.1,23.5,92.4,83,29
05/01/15,Video,View,"Canha, Mark",OAK,"Tolleson, Shawn",TEX,8,Globe Life P...,JE,423,105.7,24.3,83.8,81,27
05/01/15,Video,View,"Blanks, Kyle",TEX,"Kazmir, Scott",OAK,2,Globe Life P...,PL,388,104.1,29.9,121.3,87,30
04/29/15,Video,View,"Cruz, Nelson",SEA,"Rodriguez, Wandy",TEX,2,Globe Life P...,ND,447,113.7,28.8,117.2,101,30
04/28/15,Video,View,"Weeks, Rickie",SEA,"Detwiler, Ross",TEX,4,Globe Life P...,PL,408,108.7,22.9,105.7,67,30
04/15/15,Video,View,"Rosales, Adam",TEX,"Wilk, Adam",LAA,9,Globe Life P...,PL,415,104.6,25.4,100.7,81,30
04/15/15,Video,View,"Corporan, Carlos",TEX,"Santiago, Hector",LAA,5,Globe Life P...,JE,365,98.3,27.7,67.7,73,15
04/14/15,Video,View,"Chirinos, Robinson",TEX,"Alvarez, Jose",LAA,6,Globe Life P...,PL,422,102.9,30.2,97.9,110,29
04/14/15,Video,View,"Andrus, Elvis",TEX,"Alvarez, Jose",LAA,6,Globe Life P...,JE,374,98.2,32.6,112.9,100,26
04/13/15,Video,View,"Cowgill, Collin",LAA,"Detwiler, Ross",TEX,5,Globe Life P...,PL,427,108.4,21.7,94.4,71,27
04/13/15,Video,View,"Freese, David",LAA,"Detwiler, Ross",TEX,5,Globe Life P...,JE/L,379,95.4,32.4,75.2,98,4
04/12/15,Video,View,"Marisnick, Jake",HOU,"Lewis, Colby",TEX,2,Globe Life P...,PL,392,103.4,30.4,116.4,93,30
04/12/15,Video,View,"Conger, Hank",HOU,"Verrett, Logan",TEX,14,Globe Life P...,JE,377,105.3,22.6,70.5,57,16
04/12/15,Video,View,"Valbuena, Luis",HOU,"Lewis, Colby",TEX,2,Globe Life P...,JE,353,103.4,23.9,54.5,54,23
04/11/15,Video,View,"Gonzalez, Marwin",HOU,"Gallardo, Yovani",TEX,3,Globe Life P...,JE,378,98.7,28.6,73.5,84,20
04/10/15,Video,View,"Rasmus, Colby",HOU,"Feliz, Neftali",TEX,9,Globe Life P...,JE,369,98.4,28.9,67.0,80,22
04/10/15,Video,View,"Lowrie, Jed",HOU,"Holland, Derek",TEX,1,Globe Life P...,JE,359,97.0,31.4,119.4,84,21
10/02/16,Video,View,"Lucroy, Jonathan",TEX,"Whitley, Chase",TB,4,Globe Life P...,JE,386,99.8,26.0,78.2,75,12
10/01/16,Video,View,"Chirinos, Robinson",TEX,"Odorizzi, Jake",TB,6,Globe Life P...,JE,422,104.4,25.4,84.6,86,26
10/01/16,Video,View,"Dickerson, Corey",TB,"Lewis, Colby",TEX,3,Globe Life P...,JE,409,101.8,24.9,90.1,80,2
09/30/16,Video,View,"Odor, Rougned",TEX,"Andriese, Matt",TB,6,Globe Life P...,PL,390,102.8,30.6,63.4,94,30
09/30/16,Video,View,"Beltran, Carlos",TEX,"Andriese, Matt",TB,3,Globe Life P...,PL,378,107.5,24.4,55.3,61,30
09/28/16,Video,View,"Villar, Jonathan",MIL,"Hamels, Cole",TEX,1,Globe Life P...,PL,419,103.2,32.6,96.2,126,27
09/28/16,Video,View,"Gomez, Carlos",TEX,"Thornburg, Tyler",MIL,8,Globe Life P...,ND,406,106.1,30.6,118.8,97,30
09/28/16,Video,View,"Odor, Rougned",TEX,"Anderson, Chase",MIL,1,Globe Life P...,JE,350,97.5,28.4,56.6,68,22
09/27/16,Video,View,"Gomez, Carlos",TEX,"Nelson, Jimmy",MIL,3,Globe Life P...,ND,433,109.8,30.5,109.7,115,30
09/27/16,Video,View,"Pina, Manny",MIL,"Griffin, A.J.",TEX,2,Globe Life P...,PL,403,106.1,28.1,115.9,85,30
09/27/16,Video,View,"Carter, Chris",MIL,"Griffin, A.J.",TEX,1,Globe Life P...,JE,376,102.5,26.4,116.4,69,29
09/26/16,Video,View,"Villar, Jonathan",MIL,"Perez, Martin",TEX,7,Globe Life P...,JE,416,106.1,21.5,89.3,68,19
09/26/16,Video,View,"Villar, Jonathan",MIL,"Perez, Martin",TEX,5,Globe Life P...,JE,368,102.5,26.6,122.0,67,30
09/21/16,Video,View,"Trout, Mike",LAA,"Holland, Derek",TEX,5,Globe Life P...,PL,414,105.6,33.7,101.2,138,30
09/21/16,Video,View,"Beltran, Carlos",TEX,"Weaver, Jered",LAA,5,Globe Life P...,JE,375,101.6,25.6,68.3,67,22
09/20/16,Video,View,"Mazara, Nomar",TEX,"Wright, Daniel",LAA,4,Globe Life P...,PL,450,108.2,28.2,85.2,113,30
09/19/16,Video,View,"Andrus, Elvis",TEX,"Rasmus, Cory",LAA,7,Globe Life P...,JE,410,101.7,25.3,92.2,81,6
09/19/16,Video,View,"Mazara, Nomar",TEX,"Chacin, Jhoulys",LAA,5,Globe Life P...,JE,400,101.5,26.2,100.1,81,25
09/18/16,Video,View,"Davis, Khris",OAK,"Lewis, Colby",TEX,4,Globe Life P...,PL,402,103.1,29.4,110.3,92,30
09/18/16,Video,View,"Davis, Khris",OAK,"Kela, Keone",TEX,8,Globe Life P...,PL,373,98.6,33.2,60.7,96,30
09/17/16,Video,View,"Semien, Marcus",OAK,"Darvish, Yu",TEX,5,Globe Life P...,ND,426,107.2,31.4,108.2,117,30
09/17/16,Video,View,"Valencia, Danny",OAK,"Alvarez, Dario",TEX,8,Globe Life P...,PL,418,102.3,26.6,90.5,90,23
09/17/16,Video,View,"Gomez, Carlos",TEX,"Alcantara, Raul",OAK,6,Globe Life P...,PL,398,107.7,25.8,118.9,71,30
09/17/16,Video,View,"Wendle, Joey",OAK,"Darvish, Yu",TEX,1,Globe Life P...,PL,390,100.2,30.8,70.6,96,29
09/16/16,Video,View,"Davis, Khris",OAK,"Hamels, Cole",TEX,4,Globe Life P...,ND,445,108.4,26.0,81.2,94,30
09/16/16,Video,View,"Gomez, Carlos",TEX,"Dull, Ryan",OAK,7,Globe Life P...,PL,419,104.2,30.1,103.1,107,30
09/16/16,Video,View,"Eibner, Brett",OAK,"Hamels, Cole",TEX,6,Globe Life P...,PL,378,100.9,35.8,118.6,117,30
09/04/16,Video,View,"Springer, George",HOU,"Darvish, Yu",TEX,1,Globe Life P...,PL,425,112.1,20.5,99.3,62,30
09/04/16,Video,View,"Gattis, Evan",HOU,"Martinez, Nick",TEX,5,Globe Life P...,PL,417,102.1,27.7,90.3,97,22
09/04/16,Video,View,"Odor, Rougned",TEX,"McHugh, Collin",HOU,4,Globe Life P...,PL,378,100.2,32.5,65.2,101,29
09/03/16,Video,View,"Beltre, Adrian",TEX,"Musgrove, Joe",HOU,2,Globe Life P...,JE,419,106.3,22.8,96.4,72,26
09/03/16,Video,View,"Gattis, Evan",HOU,"Holland, Derek",TEX,6,Globe Life P...,JE,417,113.0,20.9,104.5,60,30
09/03/16,Video,View,"Mazara, Nomar",TEX,"Musgrove, Joe",HOU,5,Globe Life P...,JE,416,104.9,22.5,88.5,71,20
09/03/16,Video,View,"Marisnick, Jake",HOU,"Alvarez, Dario",TEX,9,Globe Life P...,JE,413,101.2,28.0,86.9,95,20
09/02/16,Video,View,"Odor, Rougned",TEX,"Fister, Doug",HOU,4,Globe Life P...,ND,429,109.3,23.9,77.4,77,29
09/02/16,Video,View,"Beltran, Carlos",TEX,"Fister, Doug",HOU,4,Globe Life P...,JE,420,103.4,25.8,86.2,87,24
09/02/16,Video,View,"Bregman, Alex",HOU,"Griffin, A.J.",TEX,1,Globe Life P...,ND,404,106.7,33.0,115.5,118,30
09/02/16,Video,View,"Lucroy, Jonathan",TEX,"Feliz, Michael",HOU,4,Globe Life P...,JE,374,107.0,23.5,121.8,57,30
09/02/16,Video,View,"Castro, Jason",HOU,"Griffin, A.J.",TEX,5,Globe Life P...,PL,367,102.2,38.1,72.8,148,22
08/31/16,Video,View,"Odor, Rougned",TEX,"Venditte, Pat",SEA,8,Globe Life P...,ND,441,109.9,26.8,74.5,93,30
08/31/16,Video,View,"Rua, Ryan",TEX,"Venditte, Pat",SEA,8,Globe Life P...,PL,428,107.7,22.2,85.7,72,24
08/31/16,Video,View,"Seager, Kyle",SEA,"Barnette, Tony",TEX,8,Globe Life P...,JE,417,102.0,26.9,87.5,91,21
08/31/16,Video,View,"Gomez, Carlos",TEX,"Hernandez, Felix",SEA,4,Globe Life P...,PL,406,105.9,35.6,108.4,140,30
08/31/16,Video,View,"Beltre, Adrian",TEX,"Nuno, Vidal",SEA,5,Globe Life P...,ND,393,104.5,29.7,122.2,85,30
08/31/16,Video,View,"Odor, Rougned",TEX,"Caminero, Arquimedes",SEA,7,Globe Life P...,JE,352,102.2,24.5,54.5,56,21
08/30/16,Video,View,"Beltre, Adrian",TEX,"Paxton, James",SEA,3,Globe Life P...,PL,427,106.1,23.4,86.8,77,25
08/30/16,Video,View,"Odor, Rougned",TEX,"Diaz, Edwin",SEA,9,Globe Life P...,JE,416,102.4,26.1,90.1,87,22
08/29/16,Video,View,"Beltran, Carlos",TEX,"Iwakuma, Hisashi",SEA,1,Globe Life P...,ND,415,104.1,34.0,73.7,127,30
08/27/16,Video,View,"Moreland, Mitch",TEX,"Carrasco, Carlos",CLE,1,Globe Life P...,ND,416,111.6,26.3,57.2,77,30
08/26/16,Video,View,"Beltre, Adrian",TEX,"Kluber, Corey",CLE,6,Globe Life P...,ND,445,111.0,27.5,107.7,99,30
08/25/16,Video,View,"Beltre, Adrian",TEX,"Tomlin, Josh",CLE,5,Globe Life P...,PL,421,108.8,22.5,100.8,69,30
08/25/16,Video,View,"Gomez, Carlos",TEX,"Tomlin, Josh",CLE,2,Globe Life P...,ND,416,110.9,24.2,112.9,71,30
08/25/16,Video,View,"Odor, Rougned",TEX,"McAllister, Zach",CLE,8,Globe Life P...,JE,401,112.3,20.0,75.0,54,26
08/17/16,Video,View,"Smolinski, Jake",OAK,"Darvish, Yu",TEX,5,Globe Life P...,PL,379,103.9,26.9,121.1,71,30
08/17/16,Video,View,"Crisp, Coco",OAK,"Darvish, Yu",TEX,1,Globe Life P...,PL/L,367,96.8,36.9,69.8,120,12
08/17/16,Video,View,"Lucroy, Jonathan",TEX,"Manaea, Sean",OAK,4,Globe Life P...,JE,361,100.3,27.2,121.4,68,24
08/15/16,Video,View,"Healy, Ryon",OAK,"Perez, Martin",TEX,2,Globe Life P...,PL,424,112.1,20.9,100.6,63,30
08/15/16,Video,View,"Beltre, Adrian",TEX,"Detwiler, Ross",OAK,5,Globe Life P...,ND,418,105.6,31.4,110.6,111,30
08/14/16,Video,View,"Kinsler, Ian",DET,"Griffin, A.J.",TEX,7,Globe Life P...,ND,404,106.0,35.1,113.7,131,30
08/14/16,Video,View,"Cabrera, Miguel",DET,"Claudio, Alex",TEX,9,Globe Life P...,PL,387,101.9,26.8,70.2,76,28
08/14/16,Video,View,"Martinez, J.D.",DET,"Griffin, A.J.",TEX,7,Globe Life P...,PL,370,102.5,38.6,113.4,142,30
08/14/16,Video,View,"Martinez, Victor",DET,"Griffin, A.J.",TEX,4,Globe Life P...,PL/L,343,94.8,40.9,61.1,126,0
08/12/16,Video,View,"Collins, Tyler",DET,"Barnette, Tony",TEX,7,Globe Life P...,PL,435,108.0,25.0,80.9,87,30
08/12/16,Video,View,"McCann, James",DET,"Darvish, Yu",TEX,7,Globe Life P...,PL,418,108.6,22.1,99.5,68,30
08/12/16,Video,View,"Lucroy, Jonathan",TEX,"Sanchez, Anibal",DET,1,Globe Life P...,PL,415,106.2,23.3,99.0,72,28
08/12/16,Video,View,"Lucroy, Jonathan",TEX,"Sanchez, Anibal",DET,3,Globe Life P...,ND,415,105.8,28.5,108.7,94,30
08/12/16,Video,View,"Beltran, Carlos",TEX,"Sanchez, Anibal",DET,5,Globe Life P...,ND,402,108.1,35.9,63.3,138,30
08/12/16,Video,View,"Moreland, Mitch",TEX,"Sanchez, Anibal",DET,3,Globe Life P...,JE,358,95.7,32.1,65.8,90,16
08/11/16,Video,View,"Blackmon, Charlie",COL,"Harrell, Lucas",TEX,1,Globe Life P...,ND,458,111.2,23.0,87.0,83,30
08/11/16,Video,View,"Odor, Rougned",TEX,"Bettis, Chad",COL,4,Globe Life P...,PL,425,105.9,22.9,90.9,74,27
08/11/16,Video,View,"Moreland, Mitch",TEX,"Rusin, Chris",COL,7,Globe Life P...,JE,413,101.7,30.4,93.5,111,20
08/11/16,Video,View,"Beltre, Adrian",TEX,"Rusin, Chris",COL,7,Globe Life P...,JE,344,94.1,31.8,58.0,79,16
08/10/16,Video,View,"Lucroy, Jonathan",TEX,"De La Rosa, Jorge",COL,5,Globe Life P...,JE,412,102.4,25.0,92.4,80,15
07/31/16,Video,View,"Moreland, Mitch",TEX,"Gee, Dillon",KC,4,Globe Life P...,ND,411,106.6,30.8,56.1,93,30
07/31/16,Video,View,"Mazara, Nomar",TEX,"Gee, Dillon",KC,1,Globe Life P...,PL,402,110.8,21.4,72.8,58,28
07/31/16,Video,View,"Butera, Drew",KC,"Harrell, Lucas",TEX,5,Globe Life P...,JE,397,103.2,25.5,105.4,74,30
07/31/16,Video,View,"Hosmer, Eric",KC,"Harrell, Lucas",TEX,1,Globe Life P...,JE,353,102.0,25.1,127.5,57,24
07/30/16,Video,View,"Moreland, Mitch",TEX,"Pounders, Brooks",KC,9,Globe Life P...,ND,434,114.0,25.2,64.1,78,30
07/29/16,Video,View,"Odor, Rougned",TEX,"Volquez, Edinson",KC,1,Globe Life P...,ND,430,109.2,31.6,66.1,115,30
07/29/16,Video,View,"Hosmer, Eric",KC,"Griffin, A.J.",TEX,6,Globe Life P...,PL,423,103.1,27.5,94.2,96,27
07/29/16,Video,View,"Profar, Jurickson",TEX,"Volquez, Edinson",KC,6,Globe Life P...,PL,419,106.0,24.2,99.3,77,30
07/29/16,Video,View,"Odor, Rougned",TEX,"Flynn, Brian",KC,7,Globe Life P...,JE,358,96.0,34.8,65.4,104,21
07/28/16,Video,View,"Odor, Rougned",TEX,"Ventura, Yordano",KC,2,Globe Life P...,ND,464,118.4,21.9,76.8,76,30
07/28/16,Video,View,"Moreland, Mitch",TEX,"Ventura, Yordano",KC,8,Globe Life P...,ND,448,112.5,22.2,97.9,76,30
07/28/16,Video,View,"Orlando, Paulo",KC,"Hamels, Cole",TEX,2,Globe Life P...,ND,422,108.0,30.3,110.4,110,30
07/28/16,Video,View,"Moreland, Mitch",TEX,"Ventura, Yordano",KC,5,Globe Life P...,JE,394,103.3,25.1,105.5,72,27
07/27/16,Video,View,"Desmond, Ian",TEX,"Manaea, Sean",OAK,5,Globe Life P...,JE,398,100.8,26.3,81.0,81,14
07/27/16,Video,View,"Davis, Khris",OAK,"Darvish, Yu",TEX,1,Globe Life P...,PL,396,102.2,34.9,105.7,129,30
07/27/16,Video,View,"Crisp, Coco",OAK,"Bush, Matt",TEX,8,Globe Life P...,PL,386,102.6,26.9,67.1,75,30
07/27/16,Video,View,"Davis, Khris",OAK,"Bush, Matt",TEX,8,Globe Life P...,PL,373,99.9,32.2,58.5,92,30
07/26/16,Video,View,"Gallo, Joey",TEX,"Gray, Sonny",OAK,5,Globe Life P...,ND,450,108.8,29.1,98.8,117,30
07/26/16,Video,View,"Moreland, Mitch",TEX,"Gray, Sonny",OAK,5,Globe Life P...,PL,429,110.2,21.0,96.3,66,28
07/26/16,Video,View,"Semien, Marcus",OAK,"Martinez, Nick",TEX,5,Globe Life P...,PL,423,103.5,30.0,94.8,113,29
07/26/16,Video,View,"Crisp, Coco",OAK,"Martinez, Nick",TEX,4,Globe Life P...,ND,409,105.0,30.8,66.1,101,30
07/26/16,Video,View,"Reddick, Josh",OAK,"Martinez, Nick",TEX,4,Globe Life P...,PL,387,107.8,23.7,62.6,61,30
07/25/16,Video,View,"Valencia, Danny",OAK,"Perez, Martin",TEX,1,Globe Life P...,PL,429,105.5,24.6,93.2,84,27
07/25/16,Video,View,"Beltre, Adrian",TEX,"Madson, Ryan",OAK,9,Globe Life P...,PL,422,103.5,29.5,98.9,106,30
07/25/16,Video,View,"Desmond, Ian",TEX,"Mengden, Daniel",OAK,1,Globe Life P...,PL,391,99.4,30.9,75.1,99,26
07/25/16,Video,View,"Beltre, Adrian",TEX,"Axford, John",OAK,7,Globe Life P...,JE,356,100.9,26.3,55.5,63,26
07/10/16,Video,View,"Escobar, Eduardo",MIN,"Ramos, Cesar",TEX,7,Globe Life P...,ND,438,107.8,30.2,107.6,111,30
07/10/16,Video,View,"Vargas, Kennys",MIN,"Griffin, A.J.",TEX,4,Globe Life P...,PL,429,102.9,33.2,87.5,128,23
07/10/16,Video,View,"Dozier, Brian",MIN,"Ramos, Cesar",TEX,7,Globe Life P...,PL,411,100.7,28.6,82.2,93,25
07/10/16,Video,View,"Kepler, Max",MIN,"Griffin, A.J.",TEX,5,Globe Life P...,JE,393,99.7,27.9,77.0,84,22
07/10/16,Video,View,"Profar, Jurickson",TEX,"Ramirez, Neil",MIN,9,Globe Life P...,PL,393,104.2,30.5,71.4,108,30
07/09/16,Video,View,"Rosario, Eddie",MIN,"Lohse, Kyle",TEX,5,Globe Life P...,ND,438,109.8,26.1,75.2,90,30
07/09/16,Video,View,"Nunez, Eduardo",MIN,"Lohse, Kyle",TEX,4,Globe Life P...,ND,411,111.4,25.7,123.2,73,30
07/09/16,Video,View,"Andrus, Elvis",TEX,"Nolasco, Ricky",MIN,2,Globe Life P...,JE,393,107.2,23.2,109.8,63,30
07/08/16,Video,View,"Sano, Miguel",MIN,"Hamels, Cole",TEX,5,Globe Life P...,ND,400,105.4,31.6,123.0,98,30
07/07/16,Video,View,"Kepler, Max",MIN,"Tolleson, Shawn",TEX,8,Globe Life P...,JE,418,103.4,25.1,85.0,81,20
07/07/16,Video,View,"Vargas, Kennys",MIN,"Hoying, Jared",TEX,9,Globe Life P...,PL,413,100.5,32.4,98.4,116,13
07/07/16,Video,View,"Suzuki, Kurt",MIN,"Gonzalez, Chi Chi",TEX,2,Globe Life P...,JE,407,102.9,25.8,100.1,81,27
06/26/16,Video,View,"Brentz, Bryce",BOS,"Perez, Martin",TEX,6,Globe Life P...,PL,412,103.7,29.9,102.7,106,30
06/26/16,Video,View,"Fielder, Prince",TEX,"Buchholz, Clay",BOS,6,Globe Life P...,JE,360,112.9,19.3,51.2,42,20
06/25/16,Video,View,"Desmond, Ian",TEX,"Wright, Steven",BOS,4,Globe Life P...,PL,436,109.9,21.7,95.1,72,27
06/25/16,Video,View,"Ramirez, Hanley",BOS,"Griffin, A.J.",TEX,2,Globe Life P...,JE,391,100.3,27.8,77.2,86,25
06/24/16,Video,View,"Bradley Jr., Jackie",BOS,"Martinez, Nick",TEX,6,Globe Life P...,ND,436,108.0,30.7,79.6,126,29
06/24/16,Video,View,"Fielder, Prince",TEX,"Barnes, Matt",BOS,4,Globe Life P...,ND,431,107.3,26.6,77.9,93,29
06/24/16,Video,View,"Betts, Mookie",BOS,"Bush, Matt",TEX,9,Globe Life P...,PL,426,104.4,26.5,93.7,94,29
06/24/16,Video,View,"Ramirez, Hanley",BOS,"Martinez, Nick",TEX,4,Globe Life P...,JE,425,113.4,17.5,89.2,53,24
06/24/16,Video,View,"Choo, Shin-Soo",TEX,"Price, David",BOS,1,Globe Life P...,PL,373,98.0,31.8,68.4,96,24
06/22/16,Video,View,"Desmond, Ian",TEX,"Hoover, J.J.",CIN,7,Globe Life P...,PL,447,107.8,25.6,91.0,95,30
06/22/16,Video,View,"Suarez, Eugenio",CIN,"Diekman, Jake",TEX,8,Globe Life P...,PL,388,104.1,28.6,122.9,78,30
06/22/16,Video,View,"Choo, Shin-Soo",TEX,"Cingrani, Tony",CIN,8,Globe Life P...,PL,382,101.2,32.0,109.5,108,30
06/21/16,Video,View,"Cozart, Zack",CIN,"Ramos, Cesar",TEX,7,Globe Life P...,JE,420,106.0,22.9,94.9,73,25
06/21/16,Video,View,"Profar, Jurickson",TEX,"DeSclafani, Anthony",CIN,2,Globe Life P...,PL,418,107.8,24.7,74.0,76,30
06/21/16,Video,View,"Bruce, Jay",CIN,"Lewis, Colby",TEX,1,Globe Life P...,JE,414,101.1,29.4,95.6,101,21
06/20/16,Video,View,"Desmond, Ian",TEX,"Gausman, Kevin",BAL,3,Globe Life P...,PL,441,105.9,29.6,89.3,117,30
06/09/16,Video,View,"Fielder, Prince",TEX,"Mchugh, Collin",HOU,4,Globe Life P...,ND,414,112.5,25.3,56.3,71,30
06/09/16,Video,View,"Odor, Rougned",TEX,"Feldman, Scott",HOU,8,Globe Life P...,JE/L,383,97.6,33.9,76.7,113,9
06/08/16,Video,View,"Springer, George",HOU,"Darvish, Yu",TEX,1,Globe Life P...,PL,437,118.6,20.8,107.9,62,30
06/07/16,Video,View,"Wilson, Bobby",TEX,"Keuchel, Dallas",HOU,5,Globe Life P...,PL,423,103.1,26.9,91.7,93,26
06/07/16,Video,View,"Desmond, Ian",TEX,"Keuchel, Dallas",HOU,8,Globe Life P...,JE,408,100.3,28.9,88.4,99,8
06/07/16,Video,View,"Gomez, Carlos",HOU,"Hamels, Cole",TEX,2,Globe Life P...,JE,402,102.4,27.0,104.4,83,30
06/06/16,Video,View,"Altuve, Jose",HOU,"Lewis, Colby",TEX,3,Globe Life P...,JE,376,96.2,33.5,71.8,102,12
06/06/16,Video,View,"Odor, Rougned",TEX,"Fiers, Mike",HOU,3,Globe Life P...,JE/L,354,95.2,33.1,61.8,90,19
06/05/16,Video,View,"Cruz, Nelson",SEA,"Holland, Derek",TEX,4,Globe Life P...,ND,451,116.3,20.9,100.4,69,30
06/04/16,Video,View,"Cruz, Nelson",SEA,"Perez, Martin",TEX,3,Globe Life P...,PL,427,108.4,21.2,93.1,69,26
06/04/16,Video,View,"Mazara, Nomar",TEX,"Johnson, Steve",SEA,8,Globe Life P...,PL,425,104.7,26.4,97.2,91,29
06/04/16,Video,View,"Andrus, Elvis",TEX,"Nuno, Vidal",SEA,5,Globe Life P...,JE,381,106.4,24.5,119.3,63,30
06/03/16,Video,View,"Profar, Jurickson",TEX,"Walker, Taijuan",SEA,4,Globe Life P...,ND,416,105.7,28.2,71.7,93,30
06/03/16,Video,View,"Beltre, Adrian",TEX,"Walker, Taijuan",SEA,1,Globe Life P...,JE,396,102.3,26.5,105.5,79,30
05/29/16,Video,View,"Moreland, Mitch",TEX,"Liriano, Francisco",PIT,4,Globe Life P...,ND,440,111.9,29.5,69.9,113,30
05/29/16,Video,View,"Freese, David",PIT,"Perez, Martin",TEX,3,Globe Life P...,JE,404,105.8,22.2,81.0,65,19
05/29/16,Video,View,"Fielder, Prince",TEX,"Liriano, Francisco",PIT,4,Globe Life P...,PL,404,102.9,30.2,77.5,108,29
05/28/16,Video,View,"Moreland, Mitch",TEX,"Nicasio, Juan",PIT,4,Globe Life P...,PL,416,105.5,24.1,80.6,76,28
05/28/16,Video,View,"Beltre, Adrian",TEX,"Nicasio, Juan",PIT,1,Globe Life P...,JE,411,101.8,25.8,91.9,84,15
05/27/16,Video,View,"Marte, Starling",PIT,"Hamels, Cole",TEX,2,Globe Life P...,PL,419,102.7,29.6,87.9,110,27
05/27/16,Video,View,"Beltre, Adrian",TEX,"Niese, Jonathon",PIT,6,Globe Life P...,PL,402,105.8,29.9,116.6,95,30
05/27/16,Video,View,"Polanco, Gregory",PIT,"Claudio, Alex",TEX,9,Globe Life P...,JE,384,99.3,28.3,76.2,87,23
05/27/16,Video,View,"Kang, Jung Ho",PIT,"Hamels, Cole",TEX,5,Globe Life P...,JE,368,98.6,28.2,67.7,76,20
05/27/16,Video,View,"McCutchen, Andrew",PIT,"Jackson, Luke",TEX,6,Globe Life P...,JE,351,95.6,33.0,60.2,90,26
05/25/16,Video,View,"Mazara, Nomar",TEX,"Santiago, Hector",LAA,2,Globe Life P...,ND,453,115.3,26.6,70.6,101,30
05/25/16,Video,View,"Ortega, Rafael",LAA,"Tolleson, Shawn",TEX,8,Globe Life P...,PL,396,100.7,27.8,78.1,87,26
05/24/16,Video,View,"Mazara, Nomar",TEX,"Chacin, Jhoulys",LAA,6,Globe Life P...,ND,413,108.5,27.4,66.9,88,30
05/23/16,Video,View,"Pujols, Albert",LAA,"Holland, Derek",TEX,3,Globe Life P...,ND,439,109.1,27.0,103.1,98,30
05/15/16,Video,View,"Desmond, Ian",TEX,"Chavez, Jesse",TOR,7,Globe Life P...,PL,410,104.9,25.2,102.5,79,30
05/15/16,Video,View,"Beltre, Adrian",TEX,"Sanchez, Aaron",TOR,6,Globe Life P...,JE,410,101.0,29.1,93.4,102,18
05/14/16,Video,View,"Wilson, Bobby",TEX,"Estrada, Marco",TOR,2,Globe Life P...,PL,420,105.0,24.9,97.5,82,30
05/14/16,Video,View,"Smoak, Justin",TOR,"Tolleson, Shawn",TEX,9,Globe Life P...,PL,405,106.6,24.1,74.2,71,29
05/14/16,Video,View,"Stubbs, Drew",TEX,"Floyd, Gavin",TOR,10,Globe Life P...,PL,396,101.6,28.5,105.8,90,30
05/14/16,Video,View,"Goins, Ryan",TOR,"Lewis, Colby",TEX,3,Globe Life P...,PL,377,98.8,35.8,68.8,119,23
05/14/16,Video,View,"Tulowitzki, Troy",TOR,"Tolleson, Shawn",TEX,9,Globe Life P...,JE,369,101.1,28.0,120.3,73,30
05/13/16,Video,View,"Tulowitzki, Troy",TOR,"Wilhelmsen, Tom",TEX,8,Globe Life P...,JE,411,109.8,22.1,104.6,64,30
05/13/16,Video,View,"Encarnacion, Edwin",TOR,"Wilhelmsen, Tom",TEX,8,Globe Life P...,ND,409,105.8,32.3,109.9,119,30
05/11/16,Video,View,"Lawrie, Brett",CHW,"Hamels, Cole",TEX,4,Globe Life P...,JE,405,105.7,22.3,98.7,66,18
05/11/16,Video,View,"Frazier, Todd",CHW,"Hamels, Cole",TEX,4,Globe Life P...,PL,390,103.4,29.3,118.1,85,30
05/10/16,Video,View,"Rua, Ryan",TEX,"Albers, Matt",CHW,8,Globe Life P...,PL,447,113.6,19.4,91.4,66,29
05/10/16,Video,View,"Desmond, Ian",TEX,"Rodon, Carlos",CHW,7,Globe Life P...,JE,378,103.1,26.5,117.4,70,30
05/10/16,Video,View,"Holaday, Bryan",TEX,"Rodon, Carlos",CHW,3,Globe Life P...,PL,376,100.4,30.5,118.1,87,30
05/09/16,Video,View,"Frazier, Todd",CHW,"Ramos, Cesar",TEX,12,Globe Life P...,PL,395,103.1,30.7,110.2,102,30
05/09/16,Video,View,"Odor, Rougned",TEX,"Gonzalez, Miguel",CHW,6,Globe Life P...,PL,392,107.4,24.3,64.8,65,30
05/09/16,Video,View,"Frazier, Todd",CHW,"Lewis, Colby",TEX,6,Globe Life P...,PL,376,102.2,28.6,122.6,76,30
05/01/16,Video,View,"Soto, Geovany",LAA,"Diekman, Jake",TEX,8,Globe Life P...,PL,393,108.2,24.8,119.1,66,30
04/30/16,Video,View,"Moreland, Mitch",TEX,"Shoemaker, Matt",LAA,3,Globe Life P...,ND,432,113.7,26.6,60.0,83,30
04/30/16,Video,View,"Pujols, Albert",LAA,"Klein, Phil",TEX,9,Globe Life P...,PL,427,110.1,20.5,95.0,65,26
04/29/16,Video,View,"Rua, Ryan",TEX,"Santiago, Hector",LAA,5,Globe Life P...,ND,420,107.4,28.3,109.6,96,30
04/29/16,Video,View,"Soto, Geovany",LAA,"Lewis, Colby",TEX,3,Globe Life P...,ND,416,107.3,26.8,110.7,84,30
04/27/16,Video,View,"Rodriguez, Alex",NYY,"Perez, Martin",TEX,4,Globe Life P...,PL,409,103.1,32.6,102.1,122,30
04/26/16,Video,View,"Desmond, Ian",TEX,"Nova, Ivan",NYY,5,Globe Life P...,PL,433,110.9,20.1,93.1,65,27
04/26/16,Video,View,"Odor, Rougned",TEX,"Shreve, Chasen",NYY,8,Globe Life P...,PL,416,105.5,23.6,82.2,75,27
04/25/16,Video,View,"Ellsbury, Jacoby",NYY,"Ramos, Cesar",TEX,3,Globe Life P...,PL,422,104.4,29.7,80.3,110,29
04/25/16,Video,View,"Castro, Starlin",NYY,"Ramos, Cesar",TEX,6,Globe Life P...,JE,401,102.4,26.7,102.6,83,30
04/25/16,Video,View,"Nicholas, Brett",TEX,"Betances, Dellin",NYY,8,Globe Life P...,JE/L,365,98.0,37.5,72.7,131,12
04/21/16,Video,View,"Rasmus, Colby",HOU,"Griffin, A.J.",TEX,4,Globe Life P...,PL,423,106.2,25.6,78.8,85,29
04/21/16,Video,View,"Beltre, Adrian",TEX,"Neshek, Pat",HOU,7,Globe Life P...,JE,419,109.1,20.0,93.7,62,20
04/21/16,Video,View,"Desmond, Ian",TEX,"Keuchel, Dallas",HOU,1,Globe Life P...,PL,408,107.9,21.6,79.7,63,25
04/21/16,Video,View,"Rasmus, Colby",HOU,"Barnette, Tony",TEX,8,Globe Life P...,PL,394,102.9,28.2,68.9,85,30
04/20/16,Video,View,"White, Tyler",HOU,"Hamels, Cole",TEX,6,Globe Life P...,JE,410,110.6,20.4,100.5,59,25
04/20/16,Video,View,"Odor, Rougned",TEX,"Fister, Doug",HOU,2,Globe Life P...,PL,398,104.5,34.0,67.3,123,30
04/19/16,Video,View,"Fielder, Prince",TEX,"Feldman, Scott",HOU,1,Globe Life P...,ND,423,110.3,28.2,63.2,92,30
04/19/16,Video,View,"Springer, George",HOU,"Kela, Keone",TEX,7,Globe Life P...,JE,414,103.4,24.0,88.5,78,20
04/19/16,Video,View,"Altuve, Jose",HOU,"Kela, Keone",TEX,7,Globe Life P...,PL,409,108.4,24.2,108.5,71,30
04/19/16,Video,View,"Moreland, Mitch",TEX,"Devenski, Chris",HOU,7,Globe Life P...,JE,369,111.3,20.0,63.2,46,13
04/16/16,Video,View,"Jones, Adam",BAL,"Lewis, Colby",TEX,3,Globe Life P...,ND,460,112.4,24.7,97.9,96,30
04/16/16,Video,View,"Machado, Manny",BAL,"Lewis, Colby",TEX,1,Globe Life P...,JE,413,114.6,18.8,100.2,53,25
04/16/16,Video,View,"Davis, Chris",BAL,"Lewis, Colby",TEX,5,Globe Life P...,JE,384,107.3,21.5,73.0,56,17
04/15/16,Video,View,"Trumbo, Mark",BAL,"Perez, Martin",TEX,7,Globe Life P...,PL,432,112.8,18.4,90.6,59,27
04/15/16,Video,View,"Trumbo, Mark",BAL,"Faulkner, Andrew",TEX,7,Globe Life P...,PL,432,116.5,19.5,101.0,59,30
04/15/16,Video,View,"Moreland, Mitch",TEX,"Worley, Vance",BAL,2,Globe Life P...,PL,415,104.2,25.8,98.7,86,29
04/15/16,Video,View,"Schoop, Jonathan",BAL,"Faulkner, Andrew",TEX,8,Globe Life P...,ND,413,107.6,32.1,113.9,116,30
04/15/16,Video,View,"Schoop, Jonathan",BAL,"Wilhelmsen, Tom",TEX,7,Globe Life P...,ND,406,110.9,25.3,121.6,71,30
04/15/16,Video,View,"Reimold, Nolan",BAL,"Wilhelmsen, Tom",TEX,7,Globe Life P...,PL,401,105.1,25.9,108.8,77,30
04/14/16,Video,View,"Trumbo, Mark",BAL,"Hamels, Cole",TEX,4,Globe Life P...,PL,412,105.6,23.5,80.8,73,28
04/06/16,Video,View,"Fielder, Prince",TEX,"Miley, Wade",SEA,6,Globe Life P...,ND,449,110.2,25.9,78.5,94,30
04/06/16,Video,View,"Cano, Robinson",SEA,"Tolleson, Shawn",TEX,9,Globe Life P...,JE,427,107.5,22.7,84.2,74,26
04/06/16,Video,View,"Cano, Robinson",SEA,"Lewis, Colby",TEX,1,Globe Life P...,PL,417,102.2,33.5,81.4,125,28
04/06/16,Video,View,"Martin, Leonys",SEA,"Lewis, Colby",TEX,2,Globe Life P...,JE,382,107.7,21.4,71.9,54,16
04/05/16,Video,View,"Cano, Robinson",SEA,"Wilhelmsen, Tom",TEX,8,Globe Life P...,ND,432,107.7,31.8,77.5,129,30
04/05/16,Video,View,"Cruz, Nelson",SEA,"Perez, Martin",TEX,4,Globe Life P...,PL,425,111.1,21.8,101.5,67,30
04/05/16,Video,View,"Smith, Seth",SEA,"Wilhelmsen, Tom",TEX,8,Globe Life P...,ND,417,109.6,27.9,61.8,88,30
04/05/16,Video,View,"Sardinas, Luis",SEA,"Faulkner, Andrew",TEX,8,Globe Life P...,PL,405,104.2,34.1,106.9,129,30
04/04/16,Video,View,"Seager, Kyle",SEA,"Hamels, Cole",TEX,2,Globe Life P...,PL,422,103.6,30.3,83.3,114,28
04/04/16,Video,View,"Cano, Robinson",SEA,"Hamels, Cole",TEX,1,Globe Life P...,JE,391,112.4,19.8,72.4,50,22
